k_151,c_11,inferred,{disjoint}
k_151,c_10,inferred,{disjoint}
k_151,c_13,mir,{overlaps}
k_151,c_12,inferred,{is_included_in}
k_151,c_15,mir,{includes}
k_151,c_14,mir,{includes}
k_151,c_17,inferred,{disjoint}
k_151,c_16,inferred,{disjoint}
k_151,c_1,inferred,{is_included_in}
k_151,c_3,inferred,{disjoint}
k_151,c_2,inferred,{disjoint}
k_151,c_5,inferred,{disjoint}
k_151,c_4,inferred,{disjoint}
k_151,c_7,inferred,{disjoint}
k_151,c_6,inferred,{disjoint}
k_151,c_9,inferred,{disjoint}
k_151,c_8,inferred,{disjoint}
k_150,c_11,inferred,{disjoint}
k_150,c_10,inferred,{disjoint}
k_150,c_13,inferred,{is_included_in}
k_150,c_12,inferred,{is_included_in}
k_150,c_15,inferred,{disjoint}
k_150,c_14,inferred,{disjoint}
k_150,c_17,inferred,{disjoint}
k_150,c_16,inferred,{disjoint}
k_150,c_1,inferred,{is_included_in}
k_150,c_3,inferred,{disjoint}
k_150,c_2,inferred,{disjoint}
k_150,c_5,inferred,{disjoint}
k_150,c_4,inferred,{disjoint}
k_150,c_7,inferred,{disjoint}
k_150,c_6,inferred,{disjoint}
k_150,c_9,inferred,{disjoint}
k_150,c_8,inferred,{disjoint}
k_153,c_11,inferred,{disjoint}
k_153,c_10,inferred,{disjoint}
k_153,c_13,mir,{overlaps}
k_153,c_12,inferred,{is_included_in}
k_153,c_15,mir,{includes}
k_153,c_14,mir,{includes}
k_153,c_17,inferred,{disjoint}
k_153,c_16,inferred,{disjoint}
k_153,c_1,inferred,{is_included_in}
k_153,c_3,inferred,{disjoint}
k_153,c_2,inferred,{disjoint}
k_153,c_5,inferred,{disjoint}
k_153,c_4,inferred,{disjoint}
k_153,c_7,inferred,{disjoint}
k_153,c_6,inferred,{disjoint}
k_153,c_9,inferred,{disjoint}
k_153,c_8,inferred,{disjoint}
k_152,c_11,inferred,{disjoint}
k_152,c_10,inferred,{disjoint}
k_152,c_13,mir,{is_included_in}
k_152,c_12,inferred,{is_included_in}
k_152,c_15,inferred,{disjoint}
k_152,c_14,inferred,{disjoint}
k_152,c_17,inferred,{disjoint}
k_152,c_16,inferred,{disjoint}
k_152,c_1,inferred,{is_included_in}
k_152,c_3,inferred,{disjoint}
k_152,c_2,inferred,{disjoint}
k_152,c_5,inferred,{disjoint}
k_152,c_4,inferred,{disjoint}
k_152,c_7,inferred,{disjoint}
k_152,c_6,inferred,{disjoint}
k_152,c_9,inferred,{disjoint}
k_152,c_8,inferred,{disjoint}
k_155,c_11,inferred,{disjoint}
k_155,c_10,inferred,{disjoint}
k_155,c_13,inferred,{disjoint}
k_155,c_12,inferred,{is_included_in}
k_155,c_15,mir,{includes}
k_155,c_14,mir,{includes}
k_155,c_17,inferred,{disjoint}
k_155,c_16,inferred,{disjoint}
k_155,c_1,inferred,{is_included_in}
k_155,c_3,inferred,{disjoint}
k_155,c_2,inferred,{disjoint}
k_155,c_5,inferred,{disjoint}
k_155,c_4,inferred,{disjoint}
k_155,c_7,inferred,{equals disjoint is_included_in}
k_155,c_6,inferred,{disjoint}
k_155,c_9,inferred,{disjoint}
k_155,c_8,inferred,{disjoint}
k_154,c_11,inferred,{disjoint}
k_154,c_10,inferred,{disjoint}
k_154,c_13,mir,{is_included_in}
k_154,c_12,inferred,{is_included_in}
k_154,c_15,inferred,{disjoint}
k_154,c_14,inferred,{disjoint}
k_154,c_17,inferred,{disjoint}
k_154,c_16,inferred,{disjoint}
k_154,c_1,inferred,{is_included_in}
k_154,c_3,inferred,{disjoint}
k_154,c_2,inferred,{disjoint}
k_154,c_5,inferred,{disjoint}
k_154,c_4,inferred,{disjoint}
k_154,c_7,inferred,{disjoint}
k_154,c_6,inferred,{disjoint}
k_154,c_9,inferred,{disjoint}
k_154,c_8,inferred,{disjoint}
k_157,c_11,inferred,{disjoint}
k_157,c_10,inferred,{disjoint}
k_157,c_13,inferred,{disjoint}
k_157,c_12,inferred,{is_included_in}
k_157,c_15,mir,{equals}
k_157,c_14,inferred,{disjoint}
k_157,c_17,inferred,{disjoint}
k_157,c_16,inferred,{disjoint}
k_157,c_1,inferred,{is_included_in}
k_157,c_3,inferred,{disjoint}
k_157,c_2,inferred,{disjoint}
k_157,c_5,inferred,{disjoint}
k_157,c_4,inferred,{disjoint}
k_157,c_7,inferred,{disjoint}
k_157,c_6,inferred,{disjoint}
k_157,c_9,inferred,{disjoint}
k_157,c_8,inferred,{disjoint}
k_156,c_11,inferred,{disjoint}
k_156,c_10,inferred,{disjoint}
k_156,c_13,inferred,{disjoint}
k_156,c_12,inferred,{is_included_in}
k_156,c_15,inferred,{disjoint}
k_156,c_14,mir,{equals}
k_156,c_17,inferred,{disjoint}
k_156,c_16,inferred,{disjoint}
k_156,c_1,inferred,{is_included_in}
k_156,c_3,inferred,{disjoint}
k_156,c_2,inferred,{disjoint}
k_156,c_5,inferred,{disjoint}
k_156,c_4,inferred,{disjoint}
k_156,c_7,inferred,{disjoint}
k_156,c_6,inferred,{disjoint}
k_156,c_9,inferred,{disjoint}
k_156,c_8,inferred,{disjoint}
k_133,c_11,inferred,{disjoint}
k_133,c_10,inferred,{disjoint}
k_133,c_13,inferred,{equals disjoint}
k_133,c_12,inferred,{disjoint}
k_133,c_15,inferred,{disjoint}
k_133,c_14,inferred,{disjoint}
k_133,c_17,mir,{disjoint}
k_133,c_16,inferred,{disjoint}
k_133,c_1,inferred,{is_included_in}
k_133,c_3,inferred,{disjoint}
k_133,c_2,mir,{equals}
k_133,c_5,inferred,{disjoint}
k_133,c_4,inferred,{disjoint}
k_133,c_7,inferred,{disjoint}
k_133,c_6,inferred,{disjoint}
k_133,c_9,inferred,{disjoint}
k_133,c_8,inferred,{disjoint}
k_132,c_11,inferred,{disjoint}
k_132,c_10,inferred,{disjoint}
k_132,c_13,inferred,{disjoint}
k_132,c_12,inferred,{disjoint}
k_132,c_15,inferred,{disjoint}
k_132,c_14,inferred,{disjoint}
k_132,c_17,mir,{includes}
k_132,c_16,inferred,{disjoint}
k_132,c_1,inferred,{is_included_in}
k_132,c_3,mir,{includes}
k_132,c_2,mir,{includes}
k_132,c_5,inferred,{disjoint}
k_132,c_4,inferred,{disjoint}
k_132,c_7,inferred,{disjoint}
k_132,c_6,inferred,{disjoint}
k_132,c_9,inferred,{disjoint}
k_132,c_8,inferred,{disjoint}
k_131,c_11,inferred,{disjoint}
k_131,c_10,mir,{is_included_in}
k_131,c_13,inferred,{disjoint}
k_131,c_12,inferred,{disjoint}
k_131,c_15,inferred,{disjoint}
k_131,c_14,inferred,{disjoint}
k_131,c_17,inferred,{disjoint}
k_131,c_16,inferred,{disjoint}
k_131,c_1,inferred,{is_included_in}
k_131,c_3,inferred,{disjoint}
k_131,c_2,inferred,{disjoint}
k_131,c_5,inferred,{disjoint}
k_131,c_4,inferred,{disjoint}
k_131,c_7,inferred,{disjoint}
k_131,c_6,inferred,{disjoint}
k_131,c_9,inferred,{disjoint}
k_131,c_8,inferred,{disjoint}
k_130,c_11,inferred,{disjoint}
k_130,c_10,mir,{overlaps}
k_130,c_13,inferred,{equals disjoint}
k_130,c_12,inferred,{disjoint}
k_130,c_15,inferred,{disjoint}
k_130,c_14,inferred,{disjoint}
k_130,c_17,mir,{includes}
k_130,c_16,inferred,{disjoint}
k_130,c_1,inferred,{is_included_in}
k_130,c_3,mir,{includes}
k_130,c_2,mir,{includes}
k_130,c_5,inferred,{disjoint}
k_130,c_4,inferred,{disjoint}
k_130,c_7,inferred,{disjoint}
k_130,c_6,inferred,{disjoint}
k_130,c_9,inferred,{disjoint}
k_130,c_8,inferred,{disjoint}
k_137,c_11,inferred,{disjoint}
k_137,c_10,inferred,{disjoint}
k_137,c_13,inferred,{disjoint}
k_137,c_12,inferred,{disjoint}
k_137,c_15,inferred,{disjoint}
k_137,c_14,inferred,{disjoint}
k_137,c_17,inferred,{disjoint}
k_137,c_16,inferred,{disjoint}
k_137,c_1,inferred,{is_included_in}
k_137,c_3,inferred,{disjoint}
k_137,c_2,inferred,{disjoint}
k_137,c_5,inferred,{disjoint}
k_137,c_4,inferred,{disjoint}
k_137,c_7,inferred,{disjoint}
k_137,c_6,inferred,{disjoint}
k_137,c_9,inferred,{is_included_in}
k_137,c_8,inferred,{disjoint}
k_136,c_11,inferred,{disjoint}
k_136,c_10,inferred,{disjoint}
k_136,c_13,inferred,{disjoint}
k_136,c_12,inferred,{disjoint}
k_136,c_15,inferred,{disjoint}
k_136,c_14,inferred,{disjoint}
k_136,c_17,inferred,{disjoint}
k_136,c_16,inferred,{disjoint}
k_136,c_1,inferred,{is_included_in}
k_136,c_3,inferred,{disjoint}
k_136,c_2,inferred,{disjoint}
k_136,c_5,inferred,{disjoint}
k_136,c_4,inferred,{disjoint}
k_136,c_7,inferred,{disjoint}
k_136,c_6,inferred,{disjoint}
k_136,c_9,mir,{equals}
k_136,c_8,inferred,{disjoint}
k_135,c_11,mir,{includes}
k_135,c_10,inferred,{overlaps}
k_135,c_13,mir,{includes}
k_135,c_12,mir,{includes}
k_135,c_15,mir,{includes}
k_135,c_14,mir,{includes}
k_135,c_17,inferred,{disjoint}
k_135,c_16,inferred,{disjoint}
k_135,c_1,inferred,{is_included_in}
k_135,c_3,inferred,{disjoint}
k_135,c_2,inferred,{disjoint}
k_135,c_5,mir,{includes}
k_135,c_4,inferred,{disjoint}
k_135,c_7,mir,{includes}
k_135,c_6,mir,{includes}
k_135,c_9,mir,{includes}
k_135,c_8,mir,{includes}
k_134,c_11,inferred,{disjoint}
k_134,c_10,inferred,{disjoint}
k_134,c_13,inferred,{includes equals disjoint}
k_134,c_12,inferred,{disjoint}
k_134,c_15,inferred,{includes equals disjoint}
k_134,c_14,inferred,{disjoint}
k_134,c_17,mir,{includes}
k_134,c_16,inferred,{disjoint}
k_134,c_1,inferred,{is_included_in}
k_134,c_3,mir,{includes}
k_134,c_2,inferred,{disjoint}
k_134,c_5,inferred,{disjoint}
k_134,c_4,inferred,{disjoint}
k_134,c_7,inferred,{disjoint}
k_134,c_6,inferred,{disjoint}
k_134,c_9,inferred,{disjoint}
k_134,c_8,inferred,{disjoint}
k_139,c_11,mir,{includes}
k_139,c_10,inferred,{overlaps}
k_139,c_13,mir,{includes}
k_139,c_12,mir,{includes}
k_139,c_15,mir,{includes}
k_139,c_14,mir,{includes}
k_139,c_17,inferred,{disjoint}
k_139,c_16,inferred,{disjoint}
k_139,c_1,inferred,{is_included_in}
k_139,c_3,inferred,{disjoint}
k_139,c_2,inferred,{disjoint}
k_139,c_5,mir,{includes}
k_139,c_4,inferred,{disjoint}
k_139,c_7,mir,{includes}
k_139,c_6,mir,{includes}
k_139,c_9,inferred,{disjoint}
k_139,c_8,mir,{includes}
k_138,c_11,inferred,{disjoint}
k_138,c_10,inferred,{disjoint}
k_138,c_13,inferred,{disjoint}
k_138,c_12,inferred,{disjoint}
k_138,c_15,inferred,{disjoint}
k_138,c_14,inferred,{disjoint}
k_138,c_17,inferred,{disjoint}
k_138,c_16,inferred,{disjoint}
k_138,c_1,inferred,{is_included_in}
k_138,c_3,inferred,{disjoint}
k_138,c_2,inferred,{disjoint}
k_138,c_5,inferred,{disjoint}
k_138,c_4,inferred,{disjoint}
k_138,c_7,inferred,{disjoint}
k_138,c_6,inferred,{disjoint}
k_138,c_9,inferred,{is_included_in}
k_138,c_8,inferred,{disjoint}
k_119,c_11,inferred,{disjoint}
k_119,c_10,inferred,{disjoint}
k_119,c_13,inferred,{disjoint}
k_119,c_12,inferred,{disjoint}
k_119,c_15,inferred,{disjoint}
k_119,c_14,inferred,{disjoint}
k_119,c_17,inferred,{disjoint}
k_119,c_16,inferred,{is_included_in}
k_119,c_1,inferred,{is_included_in}
k_119,c_3,inferred,{disjoint}
k_119,c_2,inferred,{disjoint}
k_119,c_5,inferred,{disjoint}
k_119,c_4,inferred,{disjoint}
k_119,c_7,inferred,{disjoint}
k_119,c_6,inferred,{disjoint}
k_119,c_9,inferred,{disjoint}
k_119,c_8,inferred,{disjoint}
k_118,c_11,inferred,{disjoint}
k_118,c_10,inferred,{disjoint}
k_118,c_13,inferred,{includes equals disjoint}
k_118,c_12,inferred,{disjoint}
k_118,c_15,inferred,{disjoint}
k_118,c_14,inferred,{disjoint}
k_118,c_17,inferred,{disjoint}
k_118,c_16,mir,{equals}
k_118,c_1,inferred,{is_included_in}
k_118,c_3,inferred,{disjoint}
k_118,c_2,inferred,{disjoint}
k_118,c_5,inferred,{disjoint}
k_118,c_4,inferred,{disjoint}
k_118,c_7,inferred,{disjoint}
k_118,c_6,inferred,{disjoint}
k_118,c_9,inferred,{disjoint}
k_118,c_8,inferred,{disjoint}
k_146,c_11,mir,{is_included_in}
k_146,c_10,inferred,{disjoint}
k_146,c_13,inferred,{disjoint}
k_146,c_12,inferred,{disjoint}
k_146,c_15,inferred,{disjoint}
k_146,c_14,inferred,{disjoint}
k_146,c_17,inferred,{disjoint}
k_146,c_16,inferred,{disjoint}
k_146,c_1,inferred,{is_included_in}
k_146,c_3,inferred,{disjoint}
k_146,c_2,inferred,{disjoint}
k_146,c_5,inferred,{disjoint}
k_146,c_4,inferred,{disjoint}
k_146,c_7,inferred,{disjoint}
k_146,c_6,inferred,{disjoint}
k_146,c_9,inferred,{disjoint}
k_146,c_8,inferred,{disjoint}
k_147,c_11,inferred,{disjoint}
k_147,c_10,inferred,{disjoint}
k_147,c_13,mir,{includes}
k_147,c_12,mir,{equals}
k_147,c_15,mir,{includes}
k_147,c_14,mir,{includes}
k_147,c_17,inferred,{disjoint}
k_147,c_16,inferred,{disjoint}
k_147,c_1,inferred,{is_included_in}
k_147,c_3,inferred,{disjoint}
k_147,c_2,inferred,{disjoint is_included_in}
k_147,c_5,inferred,{disjoint}
k_147,c_4,inferred,{disjoint}
k_147,c_7,inferred,{disjoint is_included_in}
k_147,c_6,inferred,{disjoint}
k_147,c_9,inferred,{disjoint}
k_147,c_8,inferred,{disjoint}
k_144,c_11,mir,{overlaps}
k_144,c_10,inferred,{disjoint}
k_144,c_13,inferred,{equals disjoint}
k_144,c_12,inferred,{disjoint}
k_144,c_15,inferred,{disjoint}
k_144,c_14,inferred,{disjoint}
k_144,c_17,inferred,{disjoint}
k_144,c_16,inferred,{disjoint}
k_144,c_1,inferred,{is_included_in}
k_144,c_3,inferred,{disjoint}
k_144,c_2,inferred,{disjoint}
k_144,c_5,mir,{overlaps}
k_144,c_4,inferred,{disjoint}
k_144,c_7,inferred,{disjoint}
k_144,c_6,mir,{includes}
k_144,c_9,inferred,{disjoint}
k_144,c_8,mir,{includes}
k_145,c_11,inferred,{disjoint}
k_145,c_10,inferred,{disjoint}
k_145,c_13,inferred,{disjoint}
k_145,c_12,inferred,{disjoint}
k_145,c_15,inferred,{disjoint}
k_145,c_14,inferred,{disjoint}
k_145,c_17,inferred,{disjoint}
k_145,c_16,inferred,{disjoint}
k_145,c_1,inferred,{is_included_in}
k_145,c_3,inferred,{disjoint}
k_145,c_2,inferred,{disjoint}
k_145,c_5,inferred,{is_included_in}
k_145,c_4,inferred,{disjoint}
k_145,c_7,inferred,{disjoint}
k_145,c_6,mir,{includes}
k_145,c_9,inferred,{disjoint}
k_145,c_8,mir,{includes}
k_142,c_11,mir,{includes}
k_142,c_10,inferred,{disjoint}
k_142,c_13,inferred,{disjoint}
k_142,c_12,inferred,{disjoint}
k_142,c_15,inferred,{disjoint}
k_142,c_14,inferred,{disjoint}
k_142,c_17,inferred,{disjoint}
k_142,c_16,inferred,{disjoint}
k_142,c_1,inferred,{is_included_in}
k_142,c_3,inferred,{disjoint}
k_142,c_2,inferred,{disjoint}
k_142,c_5,mir,{includes}
k_142,c_4,inferred,{disjoint}
k_142,c_7,mir,{includes}
k_142,c_6,mir,{includes}
k_142,c_9,inferred,{disjoint}
k_142,c_8,mir,{includes}
k_143,c_11,mir,{overlaps}
k_143,c_10,inferred,{disjoint}
k_143,c_13,inferred,{disjoint}
k_143,c_12,inferred,{disjoint}
k_143,c_15,inferred,{disjoint}
k_143,c_14,inferred,{disjoint}
k_143,c_17,inferred,{disjoint}
k_143,c_16,inferred,{disjoint}
k_143,c_1,inferred,{is_included_in}
k_143,c_3,inferred,{disjoint}
k_143,c_2,inferred,{disjoint}
k_143,c_5,inferred,{overlaps}
k_143,c_4,inferred,{disjoint}
k_143,c_7,mir,{includes}
k_143,c_6,inferred,{disjoint}
k_143,c_9,inferred,{disjoint}
k_143,c_8,inferred,{disjoint}
k_140,c_11,mir,{includes}
k_140,c_10,inferred,{overlaps}
k_140,c_13,inferred,{disjoint}
k_140,c_12,inferred,{disjoint}
k_140,c_15,inferred,{disjoint}
k_140,c_14,inferred,{disjoint}
k_140,c_17,inferred,{disjoint}
k_140,c_16,inferred,{disjoint}
k_140,c_1,inferred,{is_included_in}
k_140,c_3,inferred,{disjoint}
k_140,c_2,inferred,{equals disjoint}
k_140,c_5,mir,{includes}
k_140,c_4,inferred,{disjoint}
k_140,c_7,mir,{includes}
k_140,c_6,mir,{includes}
k_140,c_9,inferred,{disjoint}
k_140,c_8,mir,{includes}
k_141,c_11,inferred,{disjoint}
k_141,c_10,mir,{is_included_in}
k_141,c_13,inferred,{disjoint}
k_141,c_12,inferred,{disjoint}
k_141,c_15,inferred,{disjoint}
k_141,c_14,inferred,{disjoint}
k_141,c_17,inferred,{disjoint}
k_141,c_16,inferred,{disjoint}
k_141,c_1,inferred,{is_included_in}
k_141,c_3,inferred,{disjoint}
k_141,c_2,inferred,{disjoint}
k_141,c_5,inferred,{disjoint}
k_141,c_4,inferred,{disjoint}
k_141,c_7,inferred,{disjoint}
k_141,c_6,inferred,{disjoint}
k_141,c_9,inferred,{disjoint}
k_141,c_8,inferred,{disjoint}
k_148,c_11,inferred,{disjoint}
k_148,c_10,inferred,{disjoint}
k_148,c_13,inferred,{is_included_in}
k_148,c_12,inferred,{is_included_in}
k_148,c_15,inferred,{disjoint}
k_148,c_14,inferred,{disjoint}
k_148,c_17,inferred,{disjoint}
k_148,c_16,inferred,{disjoint}
k_148,c_1,inferred,{is_included_in}
k_148,c_3,inferred,{disjoint}
k_148,c_2,inferred,{disjoint}
k_148,c_5,inferred,{disjoint}
k_148,c_4,inferred,{disjoint}
k_148,c_7,inferred,{disjoint}
k_148,c_6,inferred,{disjoint}
k_148,c_9,inferred,{disjoint}
k_148,c_8,inferred,{disjoint}
k_149,c_11,inferred,{disjoint}
k_149,c_10,inferred,{disjoint}
k_149,c_13,mir,{overlaps}
k_149,c_12,inferred,{is_included_in}
k_149,c_15,mir,{includes}
k_149,c_14,mir,{includes}
k_149,c_17,inferred,{disjoint}
k_149,c_16,inferred,{disjoint}
k_149,c_1,inferred,{is_included_in}
k_149,c_3,inferred,{disjoint}
k_149,c_2,inferred,{disjoint}
k_149,c_5,inferred,{disjoint}
k_149,c_4,inferred,{disjoint}
k_149,c_7,inferred,{disjoint}
k_149,c_6,inferred,{disjoint}
k_149,c_9,inferred,{disjoint}
k_149,c_8,inferred,{disjoint}
k_120,c_11,inferred,{disjoint}
k_120,c_10,inferred,{disjoint}
k_120,c_13,inferred,{disjoint}
k_120,c_12,inferred,{disjoint}
k_120,c_15,inferred,{disjoint}
k_120,c_14,inferred,{disjoint}
k_120,c_17,inferred,{disjoint}
k_120,c_16,inferred,{is_included_in}
k_120,c_1,inferred,{is_included_in}
k_120,c_3,inferred,{disjoint}
k_120,c_2,inferred,{disjoint}
k_120,c_5,inferred,{disjoint}
k_120,c_4,inferred,{disjoint}
k_120,c_7,inferred,{disjoint}
k_120,c_6,inferred,{disjoint}
k_120,c_9,inferred,{disjoint}
k_120,c_8,inferred,{disjoint}
k_121,c_11,inferred,{disjoint}
k_121,c_10,inferred,{disjoint}
k_121,c_13,inferred,{disjoint}
k_121,c_12,inferred,{disjoint}
k_121,c_15,inferred,{disjoint}
k_121,c_14,inferred,{disjoint}
k_121,c_17,inferred,{disjoint}
k_121,c_16,inferred,{is_included_in}
k_121,c_1,inferred,{is_included_in}
k_121,c_3,inferred,{disjoint}
k_121,c_2,inferred,{disjoint}
k_121,c_5,inferred,{disjoint}
k_121,c_4,inferred,{disjoint}
k_121,c_7,inferred,{disjoint}
k_121,c_6,inferred,{disjoint}
k_121,c_9,inferred,{disjoint}
k_121,c_8,inferred,{disjoint}
k_122,c_11,inferred,{disjoint}
k_122,c_10,inferred,{disjoint}
k_122,c_13,inferred,{disjoint}
k_122,c_12,inferred,{disjoint}
k_122,c_15,inferred,{disjoint}
k_122,c_14,inferred,{disjoint}
k_122,c_17,inferred,{disjoint}
k_122,c_16,inferred,{is_included_in}
k_122,c_1,inferred,{is_included_in}
k_122,c_3,inferred,{disjoint}
k_122,c_2,inferred,{disjoint}
k_122,c_5,inferred,{disjoint}
k_122,c_4,inferred,{disjoint}
k_122,c_7,inferred,{disjoint}
k_122,c_6,inferred,{disjoint}
k_122,c_9,inferred,{disjoint}
k_122,c_8,inferred,{disjoint}
k_123,c_11,mir,{includes}
k_123,c_10,inferred,{includes}
k_123,c_13,mir,{includes}
k_123,c_12,mir,{includes}
k_123,c_15,mir,{includes}
k_123,c_14,mir,{includes}
k_123,c_17,mir,{includes}
k_123,c_16,inferred,{disjoint}
k_123,c_1,inferred,{is_included_in}
k_123,c_3,mir,{includes}
k_123,c_2,mir,{includes}
k_123,c_5,mir,{includes}
k_123,c_4,mir,{includes}
k_123,c_7,mir,{includes}
k_123,c_6,mir,{includes}
k_123,c_9,mir,{includes}
k_123,c_8,mir,{includes}
k_124,c_11,inferred,{disjoint}
k_124,c_10,inferred,{disjoint}
k_124,c_13,inferred,{disjoint}
k_124,c_12,inferred,{disjoint}
k_124,c_15,inferred,{disjoint}
k_124,c_14,inferred,{disjoint}
k_124,c_17,inferred,{disjoint}
k_124,c_16,inferred,{disjoint}
k_124,c_1,inferred,{is_included_in}
k_124,c_3,inferred,{disjoint}
k_124,c_2,inferred,{disjoint}
k_124,c_5,inferred,{disjoint}
k_124,c_4,mir,{equals}
k_124,c_7,inferred,{disjoint}
k_124,c_6,inferred,{disjoint}
k_124,c_9,inferred,{disjoint}
k_124,c_8,inferred,{disjoint}
k_125,c_11,inferred,{disjoint}
k_125,c_10,inferred,{disjoint}
k_125,c_13,inferred,{includes disjoint}
k_125,c_12,inferred,{disjoint}
k_125,c_15,inferred,{disjoint}
k_125,c_14,inferred,{disjoint}
k_125,c_17,inferred,{disjoint}
k_125,c_16,inferred,{disjoint}
k_125,c_1,inferred,{is_included_in}
k_125,c_3,inferred,{disjoint}
k_125,c_2,inferred,{disjoint}
k_125,c_5,inferred,{disjoint}
k_125,c_4,inferred,{is_included_in}
k_125,c_7,inferred,{disjoint}
k_125,c_6,inferred,{disjoint}
k_125,c_9,inferred,{disjoint}
k_125,c_8,inferred,{disjoint}
k_126,c_11,inferred,{disjoint}
k_126,c_10,inferred,{disjoint}
k_126,c_13,inferred,{includes equals disjoint}
k_126,c_12,inferred,{disjoint}
k_126,c_15,inferred,{disjoint}
k_126,c_14,inferred,{disjoint}
k_126,c_17,inferred,{disjoint}
k_126,c_16,inferred,{disjoint}
k_126,c_1,inferred,{is_included_in}
k_126,c_3,inferred,{disjoint}
k_126,c_2,inferred,{disjoint}
k_126,c_5,inferred,{disjoint}
k_126,c_4,inferred,{is_included_in}
k_126,c_7,inferred,{disjoint}
k_126,c_6,inferred,{disjoint}
k_126,c_9,inferred,{disjoint}
k_126,c_8,inferred,{disjoint}
k_127,c_11,inferred,{disjoint}
k_127,c_10,inferred,{disjoint}
k_127,c_13,inferred,{disjoint}
k_127,c_12,inferred,{disjoint}
k_127,c_15,inferred,{disjoint}
k_127,c_14,inferred,{disjoint}
k_127,c_17,inferred,{disjoint}
k_127,c_16,inferred,{disjoint}
k_127,c_1,inferred,{is_included_in}
k_127,c_3,inferred,{disjoint}
k_127,c_2,inferred,{disjoint}
k_127,c_5,inferred,{disjoint}
k_127,c_4,inferred,{is_included_in}
k_127,c_7,inferred,{disjoint}
k_127,c_6,inferred,{disjoint}
k_127,c_9,inferred,{disjoint}
k_127,c_8,inferred,{disjoint}
k_128,c_11,inferred,{disjoint}
k_128,c_10,inferred,{disjoint}
k_128,c_13,inferred,{disjoint}
k_128,c_12,inferred,{disjoint}
k_128,c_15,inferred,{disjoint}
k_128,c_14,inferred,{disjoint}
k_128,c_17,inferred,{disjoint}
k_128,c_16,inferred,{disjoint}
k_128,c_1,inferred,{is_included_in}
k_128,c_3,inferred,{disjoint}
k_128,c_2,inferred,{disjoint}
k_128,c_5,inferred,{disjoint}
k_128,c_4,inferred,{is_included_in}
k_128,c_7,inferred,{disjoint}
k_128,c_6,inferred,{disjoint}
k_128,c_9,inferred,{disjoint}
k_128,c_8,inferred,{disjoint}
k_129,c_11,mir,{includes}
k_129,c_10,inferred,{includes}
k_129,c_13,mir,{includes}
k_129,c_12,mir,{includes}
k_129,c_15,mir,{includes}
k_129,c_14,mir,{includes}
k_129,c_17,mir,{includes}
k_129,c_16,inferred,{disjoint}
k_129,c_1,inferred,{is_included_in}
k_129,c_3,mir,{includes}
k_129,c_2,mir,{includes}
k_129,c_5,mir,{includes}
k_129,c_4,inferred,{disjoint}
k_129,c_7,mir,{includes}
k_129,c_6,mir,{includes}
k_129,c_9,mir,{includes}
k_129,c_8,mir,{includes}
k_117,c_11,mir,{includes}
k_117,c_10,mir,{includes}
k_117,c_13,mir,{includes}
k_117,c_12,mir,{includes}
k_117,c_15,mir,{includes}
k_117,c_14,mir,{includes}
k_117,c_17,mir,{includes}
k_117,c_16,mir,{includes}
k_117,c_1,mir,{equals}
k_117,c_3,mir,{includes}
k_117,c_2,mir,{includes}
k_117,c_5,mir,{includes}
k_117,c_4,mir,{includes}
k_117,c_7,mir,{includes}
k_117,c_6,mir,{includes}
k_117,c_9,mir,{includes}
k_117,c_8,mir,{includes}
