c.11,m.368,inferred,{disjoint}
c.11,m.369,inferred,{disjoint}
c.11,m.366,inferred,{disjoint}
c.11,m.367,inferred,{disjoint}
c.11,m.364,inferred,{disjoint}
c.11,m.365,inferred,{disjoint}
c.11,m.362,inferred,{disjoint}
c.11,m.363,inferred,{disjoint}
c.11,m.360,mir,{disjoint}
c.11,m.361,inferred,{disjoint}
c.11,m.348,inferred,{is_included_in}
c.11,m.349,inferred,{disjoint}
c.11,m.357,inferred,{disjoint}
c.11,m.356,inferred,{is_included_in}
c.11,m.355,mir,{disjoint}
c.11,m.354,inferred,{is_included_in}
c.11,m.353,inferred,{disjoint}
c.11,m.352,inferred,{is_included_in}
c.11,m.351,mir,{disjoint}
c.11,m.350,mir,{disjoint}
c.11,m.371,inferred,{disjoint}
c.11,m.370,inferred,{disjoint}
c.11,m.372,inferred,{disjoint}
c.11,m.359,mir,{is_included_in}
c.11,m.358,inferred,{is_included_in}
c.10,m.368,inferred,{disjoint}
c.10,m.369,inferred,{disjoint}
c.10,m.366,inferred,{disjoint}
c.10,m.367,inferred,{disjoint}
c.10,m.364,inferred,{disjoint}
c.10,m.365,inferred,{disjoint}
c.10,m.362,inferred,{disjoint}
c.10,m.363,inferred,{disjoint}
c.10,m.360,mir,{disjoint}
c.10,m.361,inferred,{disjoint}
c.10,m.348,inferred,{is_included_in}
c.10,m.349,inferred,{disjoint}
c.10,m.357,mir,{includes}
c.10,m.356,inferred,{overlaps}
c.10,m.355,mir,{disjoint}
c.10,m.354,inferred,{overlaps}
c.10,m.353,mir,{overlaps}
c.10,m.352,inferred,{is_included_in}
c.10,m.351,mir,{disjoint}
c.10,m.350,mir,{disjoint}
c.10,m.371,inferred,{disjoint}
c.10,m.370,inferred,{disjoint}
c.10,m.372,inferred,{disjoint}
c.10,m.359,inferred,{disjoint}
c.10,m.358,inferred,{disjoint}
c.13,m.368,mir,{overlaps}
c.13,m.369,mir,{includes}
c.13,m.366,mir,{overlaps}
c.13,m.367,mir,{includes}
c.13,m.364,mir,{overlaps}
c.13,m.365,mir,{includes}
c.13,m.362,mir,{overlaps}
c.13,m.363,mir,{includes}
c.13,m.360,inferred,{is_included_in}
c.13,m.361,mir,{includes}
c.13,m.348,inferred,{is_included_in}
c.13,m.349,inferred,{disjoint}
c.13,m.357,inferred,{disjoint}
c.13,m.356,inferred,{is_included_in}
c.13,m.355,inferred,{disjoint}
c.13,m.354,inferred,{is_included_in}
c.13,m.353,inferred,{disjoint}
c.13,m.352,inferred,{is_included_in}
c.13,m.351,inferred,{disjoint}
c.13,m.350,inferred,{disjoint}
c.13,m.371,mir,{overlaps}
c.13,m.370,mir,{overlaps}
c.13,m.372,mir,{includes}
c.13,m.359,inferred,{disjoint}
c.13,m.358,inferred,{is_included_in}
c.12,m.368,mir,{includes}
c.12,m.369,mir,{includes}
c.12,m.366,mir,{includes}
c.12,m.367,mir,{includes}
c.12,m.364,mir,{includes}
c.12,m.365,mir,{includes}
c.12,m.362,mir,{includes}
c.12,m.363,mir,{includes}
c.12,m.360,mir,{equals}
c.12,m.361,mir,{includes}
c.12,m.348,inferred,{is_included_in}
c.12,m.349,inferred,{disjoint}
c.12,m.357,inferred,{disjoint}
c.12,m.356,inferred,{is_included_in}
c.12,m.355,mir,{disjoint}
c.12,m.354,inferred,{is_included_in}
c.12,m.353,inferred,{disjoint}
c.12,m.352,inferred,{is_included_in}
c.12,m.351,mir,{disjoint}
c.12,m.350,mir,{disjoint}
c.12,m.371,mir,{includes}
c.12,m.370,mir,{includes}
c.12,m.372,mir,{includes}
c.12,m.359,mir,{disjoint}
c.12,m.358,inferred,{is_included_in}
c.15,m.368,inferred,{is_included_in}
c.15,m.369,inferred,{disjoint}
c.15,m.366,inferred,{is_included_in}
c.15,m.367,inferred,{disjoint}
c.15,m.364,inferred,{is_included_in}
c.15,m.365,inferred,{disjoint}
c.15,m.362,inferred,{is_included_in}
c.15,m.363,inferred,{disjoint}
c.15,m.360,inferred,{is_included_in}
c.15,m.361,inferred,{disjoint}
c.15,m.348,inferred,{is_included_in}
c.15,m.349,inferred,{disjoint}
c.15,m.357,inferred,{disjoint}
c.15,m.356,inferred,{is_included_in}
c.15,m.355,inferred,{disjoint}
c.15,m.354,inferred,{is_included_in}
c.15,m.353,inferred,{disjoint}
c.15,m.352,inferred,{is_included_in}
c.15,m.351,inferred,{disjoint}
c.15,m.350,inferred,{disjoint}
c.15,m.371,mir,{is_included_in}
c.15,m.370,inferred,{is_included_in}
c.15,m.372,inferred,{disjoint}
c.15,m.359,inferred,{disjoint}
c.15,m.358,inferred,{is_included_in}
c.14,m.368,inferred,{is_included_in}
c.14,m.369,inferred,{disjoint}
c.14,m.366,inferred,{is_included_in}
c.14,m.367,inferred,{disjoint}
c.14,m.364,inferred,{is_included_in}
c.14,m.365,inferred,{disjoint}
c.14,m.362,inferred,{is_included_in}
c.14,m.363,inferred,{disjoint}
c.14,m.360,inferred,{is_included_in}
c.14,m.361,inferred,{disjoint}
c.14,m.348,inferred,{is_included_in}
c.14,m.349,inferred,{disjoint}
c.14,m.357,inferred,{disjoint}
c.14,m.356,inferred,{is_included_in}
c.14,m.355,inferred,{disjoint}
c.14,m.354,inferred,{is_included_in}
c.14,m.353,inferred,{disjoint}
c.14,m.352,inferred,{is_included_in}
c.14,m.351,inferred,{disjoint}
c.14,m.350,inferred,{disjoint}
c.14,m.371,mir,{is_included_in}
c.14,m.370,inferred,{is_included_in}
c.14,m.372,inferred,{disjoint}
c.14,m.359,inferred,{disjoint}
c.14,m.358,inferred,{is_included_in}
c.17,m.368,inferred,{disjoint}
c.17,m.369,inferred,{disjoint}
c.17,m.366,inferred,{disjoint}
c.17,m.367,inferred,{disjoint}
c.17,m.364,inferred,{disjoint}
c.17,m.365,inferred,{disjoint}
c.17,m.362,inferred,{disjoint}
c.17,m.363,inferred,{disjoint}
c.17,m.360,mir,{disjoint}
c.17,m.361,inferred,{disjoint}
c.17,m.348,inferred,{is_included_in}
c.17,m.349,inferred,{disjoint}
c.17,m.357,inferred,{disjoint}
c.17,m.356,inferred,{disjoint}
c.17,m.355,mir,{disjoint}
c.17,m.354,inferred,{disjoint}
c.17,m.353,inferred,{is_included_in}
c.17,m.352,inferred,{is_included_in}
c.17,m.351,mir,{disjoint}
c.17,m.350,mir,{disjoint}
c.17,m.371,inferred,{disjoint}
c.17,m.370,inferred,{disjoint}
c.17,m.372,inferred,{disjoint}
c.17,m.359,inferred,{disjoint}
c.17,m.358,inferred,{disjoint}
c.16,m.368,inferred,{disjoint}
c.16,m.369,inferred,{disjoint}
c.16,m.366,inferred,{disjoint}
c.16,m.367,inferred,{disjoint}
c.16,m.364,inferred,{disjoint}
c.16,m.365,inferred,{disjoint}
c.16,m.362,inferred,{disjoint}
c.16,m.363,inferred,{disjoint}
c.16,m.360,mir,{disjoint}
c.16,m.361,inferred,{disjoint}
c.16,m.348,inferred,{is_included_in}
c.16,m.349,inferred,{is_included_in}
c.16,m.357,inferred,{disjoint}
c.16,m.356,inferred,{disjoint}
c.16,m.355,mir,{disjoint}
c.16,m.354,inferred,{disjoint}
c.16,m.353,inferred,{disjoint}
c.16,m.352,inferred,{disjoint}
c.16,m.351,mir,{equals}
c.16,m.350,mir,{disjoint}
c.16,m.371,inferred,{disjoint}
c.16,m.370,inferred,{disjoint}
c.16,m.372,inferred,{disjoint}
c.16,m.359,inferred,{disjoint}
c.16,m.358,inferred,{disjoint}
c.1,m.368,mir,{includes}
c.1,m.369,mir,{includes}
c.1,m.366,mir,{includes}
c.1,m.367,mir,{includes}
c.1,m.364,mir,{includes}
c.1,m.365,mir,{includes}
c.1,m.362,mir,{includes}
c.1,m.363,mir,{includes}
c.1,m.360,mir,{includes}
c.1,m.361,mir,{includes}
c.1,m.348,mir,{equals}
c.1,m.349,mir,{includes}
c.1,m.357,mir,{includes}
c.1,m.356,mir,{includes}
c.1,m.355,mir,{includes}
c.1,m.354,mir,{includes}
c.1,m.353,mir,{includes}
c.1,m.352,mir,{includes}
c.1,m.351,mir,{includes}
c.1,m.350,mir,{includes}
c.1,m.371,mir,{includes}
c.1,m.370,mir,{includes}
c.1,m.372,mir,{includes}
c.1,m.359,mir,{includes}
c.1,m.358,mir,{includes}
c.3,m.368,inferred,{disjoint}
c.3,m.369,inferred,{disjoint}
c.3,m.366,inferred,{disjoint}
c.3,m.367,inferred,{disjoint}
c.3,m.364,inferred,{disjoint}
c.3,m.365,inferred,{disjoint}
c.3,m.362,inferred,{disjoint}
c.3,m.363,inferred,{disjoint}
c.3,m.360,mir,{disjoint}
c.3,m.361,inferred,{disjoint}
c.3,m.348,inferred,{is_included_in}
c.3,m.349,inferred,{disjoint}
c.3,m.357,inferred,{disjoint}
c.3,m.356,inferred,{disjoint}
c.3,m.355,mir,{disjoint}
c.3,m.354,inferred,{disjoint}
c.3,m.353,inferred,{is_included_in}
c.3,m.352,inferred,{is_included_in}
c.3,m.351,mir,{disjoint}
c.3,m.350,mir,{disjoint}
c.3,m.371,inferred,{disjoint}
c.3,m.370,inferred,{disjoint}
c.3,m.372,inferred,{disjoint}
c.3,m.359,inferred,{disjoint}
c.3,m.358,inferred,{disjoint}
c.2,m.368,inferred,{disjoint}
c.2,m.369,inferred,{disjoint}
c.2,m.366,inferred,{disjoint}
c.2,m.367,inferred,{disjoint}
c.2,m.364,inferred,{disjoint}
c.2,m.365,inferred,{disjoint}
c.2,m.362,inferred,{disjoint}
c.2,m.363,inferred,{disjoint}
c.2,m.360,mir,{disjoint}
c.2,m.361,inferred,{disjoint}
c.2,m.348,inferred,{is_included_in}
c.2,m.349,inferred,{disjoint}
c.2,m.357,inferred,{disjoint}
c.2,m.356,inferred,{disjoint}
c.2,m.355,mir,{disjoint}
c.2,m.354,inferred,{disjoint}
c.2,m.353,inferred,{is_included_in}
c.2,m.352,inferred,{is_included_in}
c.2,m.351,mir,{disjoint}
c.2,m.350,mir,{disjoint}
c.2,m.371,inferred,{disjoint}
c.2,m.370,inferred,{disjoint}
c.2,m.372,inferred,{disjoint}
c.2,m.359,inferred,{disjoint}
c.2,m.358,inferred,{disjoint}
c.5,m.368,inferred,{disjoint}
c.5,m.369,inferred,{disjoint}
c.5,m.366,inferred,{disjoint}
c.5,m.367,inferred,{disjoint}
c.5,m.364,inferred,{disjoint}
c.5,m.365,inferred,{disjoint}
c.5,m.362,inferred,{disjoint}
c.5,m.363,inferred,{disjoint}
c.5,m.360,mir,{disjoint}
c.5,m.361,inferred,{disjoint}
c.5,m.348,inferred,{is_included_in}
c.5,m.349,inferred,{disjoint}
c.5,m.357,inferred,{disjoint}
c.5,m.356,inferred,{is_included_in}
c.5,m.355,mir,{disjoint}
c.5,m.354,inferred,{is_included_in}
c.5,m.353,inferred,{disjoint}
c.5,m.352,inferred,{is_included_in}
c.5,m.351,mir,{disjoint}
c.5,m.350,mir,{disjoint}
c.5,m.371,inferred,{disjoint}
c.5,m.370,inferred,{disjoint}
c.5,m.372,inferred,{disjoint}
c.5,m.359,mir,{is_included_in}
c.5,m.358,inferred,{is_included_in}
c.4,m.368,inferred,{disjoint}
c.4,m.369,inferred,{disjoint}
c.4,m.366,inferred,{disjoint}
c.4,m.367,inferred,{disjoint}
c.4,m.364,inferred,{disjoint}
c.4,m.365,inferred,{disjoint}
c.4,m.362,inferred,{disjoint}
c.4,m.363,inferred,{disjoint}
c.4,m.360,mir,{disjoint}
c.4,m.361,inferred,{disjoint}
c.4,m.348,inferred,{is_included_in}
c.4,m.349,inferred,{is_included_in}
c.4,m.357,inferred,{disjoint}
c.4,m.356,inferred,{disjoint}
c.4,m.355,mir,{disjoint}
c.4,m.354,inferred,{disjoint}
c.4,m.353,inferred,{disjoint}
c.4,m.352,inferred,{disjoint}
c.4,m.351,mir,{disjoint}
c.4,m.350,mir,{equals}
c.4,m.371,inferred,{disjoint}
c.4,m.370,inferred,{disjoint}
c.4,m.372,inferred,{disjoint}
c.4,m.359,inferred,{disjoint}
c.4,m.358,inferred,{disjoint}
c.7,m.368,inferred,{disjoint}
c.7,m.369,inferred,{disjoint}
c.7,m.366,inferred,{disjoint}
c.7,m.367,inferred,{disjoint}
c.7,m.364,inferred,{disjoint}
c.7,m.365,inferred,{disjoint}
c.7,m.362,inferred,{disjoint}
c.7,m.363,inferred,{disjoint}
c.7,m.360,inferred,{disjoint}
c.7,m.361,inferred,{disjoint}
c.7,m.348,inferred,{is_included_in}
c.7,m.349,inferred,{disjoint}
c.7,m.357,inferred,{disjoint}
c.7,m.356,inferred,{is_included_in}
c.7,m.355,inferred,{disjoint}
c.7,m.354,inferred,{is_included_in}
c.7,m.353,inferred,{disjoint}
c.7,m.352,inferred,{is_included_in}
c.7,m.351,inferred,{disjoint}
c.7,m.350,inferred,{disjoint}
c.7,m.371,inferred,{disjoint}
c.7,m.370,inferred,{disjoint}
c.7,m.372,inferred,{disjoint}
c.7,m.359,inferred,{is_included_in}
c.7,m.358,inferred,{is_included_in}
c.6,m.368,inferred,{disjoint}
c.6,m.369,inferred,{disjoint}
c.6,m.366,inferred,{disjoint}
c.6,m.367,inferred,{disjoint}
c.6,m.364,inferred,{disjoint}
c.6,m.365,inferred,{disjoint}
c.6,m.362,inferred,{disjoint}
c.6,m.363,inferred,{disjoint}
c.6,m.360,inferred,{disjoint}
c.6,m.361,inferred,{disjoint}
c.6,m.348,inferred,{is_included_in}
c.6,m.349,inferred,{disjoint}
c.6,m.357,inferred,{disjoint}
c.6,m.356,inferred,{is_included_in}
c.6,m.355,inferred,{disjoint}
c.6,m.354,inferred,{is_included_in}
c.6,m.353,inferred,{disjoint}
c.6,m.352,inferred,{is_included_in}
c.6,m.351,inferred,{disjoint}
c.6,m.350,inferred,{disjoint}
c.6,m.371,inferred,{disjoint}
c.6,m.370,inferred,{disjoint}
c.6,m.372,inferred,{disjoint}
c.6,m.359,inferred,{is_included_in}
c.6,m.358,inferred,{is_included_in}
c.9,m.368,inferred,{disjoint}
c.9,m.369,inferred,{disjoint}
c.9,m.366,inferred,{disjoint}
c.9,m.367,inferred,{disjoint}
c.9,m.364,inferred,{disjoint}
c.9,m.365,inferred,{disjoint}
c.9,m.362,inferred,{disjoint}
c.9,m.363,inferred,{disjoint}
c.9,m.360,mir,{disjoint}
c.9,m.361,inferred,{disjoint}
c.9,m.348,inferred,{is_included_in}
c.9,m.349,inferred,{disjoint}
c.9,m.357,inferred,{disjoint}
c.9,m.356,mir,{disjoint}
c.9,m.355,mir,{equals}
c.9,m.354,inferred,{is_included_in}
c.9,m.353,inferred,{disjoint}
c.9,m.352,inferred,{is_included_in}
c.9,m.351,mir,{disjoint}
c.9,m.350,mir,{disjoint}
c.9,m.371,inferred,{disjoint}
c.9,m.370,inferred,{disjoint}
c.9,m.372,inferred,{disjoint}
c.9,m.359,inferred,{disjoint}
c.9,m.358,inferred,{disjoint}
c.8,m.368,inferred,{disjoint}
c.8,m.369,inferred,{disjoint}
c.8,m.366,inferred,{disjoint}
c.8,m.367,inferred,{disjoint}
c.8,m.364,inferred,{disjoint}
c.8,m.365,inferred,{disjoint}
c.8,m.362,inferred,{disjoint}
c.8,m.363,inferred,{disjoint}
c.8,m.360,inferred,{disjoint}
c.8,m.361,inferred,{disjoint}
c.8,m.348,inferred,{is_included_in}
c.8,m.349,inferred,{disjoint}
c.8,m.357,inferred,{disjoint}
c.8,m.356,inferred,{is_included_in}
c.8,m.355,inferred,{disjoint}
c.8,m.354,inferred,{is_included_in}
c.8,m.353,inferred,{disjoint}
c.8,m.352,inferred,{is_included_in}
c.8,m.351,inferred,{disjoint}
c.8,m.350,inferred,{disjoint}
c.8,m.371,inferred,{disjoint}
c.8,m.370,inferred,{disjoint}
c.8,m.372,inferred,{disjoint}
c.8,m.359,inferred,{is_included_in}
c.8,m.358,inferred,{is_included_in}
